text,y
"Israel’s claim to the land is rooted in historical, religious, and cultural ties dating back thousands of years. Archaeological evidence and historical records show a continuous Jewish presence in the region for millennia, including significant moments like the Kingdoms of Israel and Judah. While other populations lived in the area over time, Jews have consistently maintained a connection to this land, praying for its return and survival throughout their diaspora. Israel's modern establishment fulfills this historical right, offering Jews a homeland after centuries of persecution.",1
"Israel is the only democracy in the Middle East, providing a political system where citizens, regardless of religion or ethnicity, have the right to vote, form political parties, and express themselves freely. Unlike many of its neighbors, Israel guarantees civil rights and freedoms, including gender equality and LGBTQ+ rights. Its judiciary is independent, holding the government accountable, and Arab citizens of Israel serve in the Knesset (parliament). This democratic framework contrasts sharply with authoritarian regimes in the region, highlighting Israel's unique status as a free society.",1
"Israel's military actions, including those seen as controversial, are driven by the necessity to protect its citizens from constant threats. Surrounded by hostile neighbors and terror groups like Hamas and Hezbollah, Israel must maintain a robust defense system. Its operations are defensive in nature, aimed at preventing rocket attacks, suicide bombings, and infiltrations. While the loss of life in conflicts is tragic, Israel makes efforts to minimize civilian casualties by issuing warnings before strikes, while its adversaries often use civilians as shields.",1
"Despite being in a perpetual state of conflict, Israel has made numerous efforts to achieve peace with its neighbors. The most notable example is the Camp David Accords, where Israel returned the Sinai Peninsula to Egypt in exchange for peace. More recently, Israel signed normalization agreements with several Arab nations through the Abraham Accords, fostering cooperation in areas like trade, security, and culture. These actions demonstrate Israel's willingness to coexist and build positive relationships, despite the complex regional dynamics.",1
"The establishment of Israel also provided a safe haven for nearly one million Jews who were expelled or forced to flee from Arab countries in the mid-20th century. These Jewish refugees lost their homes, businesses, and citizenship in countries like Iraq, Egypt, and Yemen. While Palestinian refugees are often discussed, the plight of Jewish refugees from Arab lands is less recognized. Israel absorbed and integrated these Jews, demonstrating the need for a Jewish state where Jews can escape persecution and find safety.",1
"Jewish ties to the land of Israel go back over 3,000 years, with continuous Jewish presence in cities like Jerusalem, Hebron, and Safed. After the destruction of the Second Temple in 70 CE, Jews were exiled but maintained cultural and religious connections to Israel. Modern Zionism in the late 19th century revived these ties, advocating for the return of Jews to their ancestral homeland. The establishment of Israel in 1948 was not a colonialist venture but rather the realization of a millennia-old dream for Jewish self-determination and statehood.",1
"The establishment of Israel was grounded in international law. The Balfour Declaration of 1917 supported the creation of a Jewish national home in Palestine. The League of Nations Mandate for Palestine in 1922 further endorsed Jewish settlement. In 1947, the UN General Assembly passed Resolution 181, recommending the partition of Palestine into Jewish and Arab states. While Jews accepted the plan, Arab leaders rejected it and launched a war against the nascent Jewish state. Israel’s establishment followed international legal norms, and its legitimacy is supported by global consensus.",1
"Israel is the only fully functioning democracy in the Middle East, where all citizens, including its Arab minority, enjoy full voting rights. Arabs serve in Israel’s parliament (Knesset), hold positions in the judiciary, and work as doctors, lawyers, and business leaders. Israel guarantees freedom of speech, press, and religion, in stark contrast to many of its neighbors. Even amidst the ongoing conflict, Israel’s courts protect the rights of Palestinian citizens, and Israeli NGOs work tirelessly to improve relations between Jews and Arabs.",1
"Israel has consistently offered peace and humanitarian aid to the Palestinian people. From the Oslo Accords in the 1990s to more recent efforts to negotiate a two-state solution, Israel has demonstrated its commitment to peace. Despite repeated rocket attacks from Gaza, Israel continues to provide essential services like electricity, medical supplies, and food to Palestinians. Israeli hospitals routinely treat Palestinian patients, including children. Israel’s blockade of Gaza, though controversial, is aimed at preventing weapons smuggling, not starving the population.",1
"The Palestinian leadership, particularly under the Palestinian Authority (PA) and Hamas, has consistently failed its people. Corruption, incitement, and an unwillingness to recognize Israel’s right to exist have stalled peace efforts. While Israel has made numerous concessions in peace talks, such as offering to withdraw from nearly all of the West Bank, Palestinian leaders have walked away from these offers. In Gaza, Hamas has prioritized building tunnels and stockpiling rockets over improving living conditions for Palestinians, using civilian populations as human shields.",1
"Israel has repeatedly demonstrated a willingness to negotiate peace. In 1979, Israel signed a peace treaty with Egypt, returning the Sinai Peninsula, which it had captured in 1967. In 1994, it made peace with Jordan. Israel has also made numerous offers to the Palestinians for a two-state solution, including the Camp David Summit in 2000 and the Annapolis Conference in 2007, offering the Palestinians an independent state with East Jerusalem as its capital. These efforts were rejected, demonstrating Israel’s desire for peace and Palestinian leadership’s reluctance.",1
"The displacement of Palestinians from their ancestral lands after the 1948 war, known as the Nakba, resulted in the loss of homes and villages that had existed for centuries. Over 700,000 Palestinians were forced into refugee camps, many still unable to return to their homeland. This historical injustice has left millions of Palestinians living stateless across the Middle East, unable to reclaim the lands their families cultivated for generations. The international community must recognize this loss and work toward a fair resolution that restores Palestinian rights and self-determination in their homeland.",0
"The Gaza Strip has been under blockade since 2007, leaving its residents in dire humanitarian conditions. With over 2 million people packed into a small area, access to basic necessities such as food, water, electricity, and medical supplies is severely limited. Israeli military operations have repeatedly destroyed civilian infrastructure, making it nearly impossible for Gaza to recover economically. This prolonged blockade has been described as collective punishment, and the international community has a moral responsibility to demand an end to the siege and address the suffering of the Palestinian people in Gaza.",0
"The continued expansion of Israeli settlements in the West Bank is a clear violation of international law, specifically the Fourth Geneva Convention. These settlements have systematically taken land designated for a future Palestinian state, fragmenting the territory and making the prospect of a two-state solution increasingly unfeasible. The United Nations and the International Court of Justice have repeatedly condemned these settlements, yet construction continues. The lack of accountability emboldens Israel’s actions, while Palestinians are left without the possibility of establishing a contiguous, viable state.",0
"Every people have the right to self-determination, and the Palestinian people are no exception. Despite this, Israel has consistently blocked efforts to establish an independent Palestinian state, controlling borders, airspace, and resources, while maintaining a military occupation over millions of Palestinians. The denial of self-determination is a clear violation of international norms and human rights. Supporting Palestinian statehood is not only a matter of justice but also a necessity for achieving lasting peace in the region, as it would allow Palestinians the right to govern themselves.",0
"Many human rights organizations, including Human Rights Watch and Amnesty International, have labeled Israel’s policies in the occupied Palestinian territories as apartheid. Palestinians face different legal systems, restricted freedom of movement, and systematic discrimination in accessing resources such as water and land. The construction of walls, checkpoints, and separate roads further enforces a segregationist system. These realities echo the apartheid regime in South Africa, where racial and ethnic groups were separated by law. The international community should take a stronger stance against these apartheid-like practices in Israel and the occupied territories.",0
"Israeli policies have led to the systematic erasure of Palestinian cultural heritage. From the destruction of historical sites during military operations to the renaming of towns and streets, Palestinians are losing touch with their cultural and historical identity. This is part of a larger effort to diminish Palestinian presence and claims to the land. Cultural erasure is a violation of human rights, as it strips a people of their history and legacy. Preserving Palestinian culture is crucial to maintaining the integrity of the Palestinian people’s connection to their homeland.",0
"The displacement of Palestinians in 1948 (Nakba) led to the forced removal of over 700,000 Palestinians from their homes. The creation of Israel came at the cost of Palestinian land and identity, with many villages being destroyed or repurposed. Even today, Palestinians are denied the right to return, despite international laws recognizing the right of displaced people to go back to their homeland. The historical context of this displacement continues to shape the struggle for Palestinian statehood.",0
"Over 5 million Palestinian refugees are registered with the United Nations Relief and Works Agency (UNRWA). These refugees, many of whom live in overcrowded camps, are descendants of those displaced during the 1948 and 1967 wars. Despite their right to return being recognized by UN Resolution 194, Israel has consistently denied this right.",0
"The conflict disproportionately affects Palestinian children. Over half of Gaza’s population is under 18, and many children have been killed or injured in Israeli military operations. According to international human rights organizations, Israeli forces regularly arrest and detain Palestinian minors, subjecting them to harsh interrogation techniques.",0
"Israel's connection to the land dates back to biblical times, with Jews historically living in the region before Roman expulsions. The establishment of Israel in 1948 was seen as the fulfillment of the Jewish people’s right to self-determination in their ancestral homeland. Balfour Declaration (1917) and subsequent international recognition (e.g., the UN Partition Plan of 1947) endorsed the creation of a Jewish state.",1
"Israel’s strategies, such as building the security barrier and maintaining a strong military presence, are seen as necessary for national survival, given repeated wars and attacks from hostile neighbors and militant groups like Hamas and Hezbollah.
Frequent rocket attacks from Gaza and other threats reinforce the need for defensive measures.",1
"Israel has participated in numerous peace negotiations (e.g., the Oslo Accords, Camp David Summit) and argues that Palestinian leadership has repeatedly rejected offers for a two-state solution.
The withdrawal from Gaza (2005) is cited as evidence of Israel’s willingness to make concessions, though subsequent attacks from Gaza raise concerns about territorial withdrawal compromising security.",1
"Given the existential threats Israel faces, its military actions, including operations in Gaza and the West Bank, are framed as necessary responses to protect civilians from terrorism.
like any sovereign nation, has the right to defend its borders and citizens from groups that do not recognize its right to exist.",1
"The 1948 Nakba (catastrophe) saw the displacement of hundreds of thousands of Palestinians from their homes, many of whom and their descendants remain refugees today, without the right to return.
Israel’s continued settlement expansions in the West Bank are viewed as illegal under international law (UN Resolution 242) and as a violation of Palestinian rights to self-determination.",0
"Israel’s military occupation of the West Bank and its blockade of Gaza are seen as collective punishment that severely restricts the freedom and rights of Palestinians.
checkpoints, and control over Palestinian movement contribute to economic hardships, human rights abuses, and deny Palestinians basic civil rights.",0
"peace negotiations have often been one-sided, with Israel continuing to expand settlements even during peace talks, eroding trust in Israel’s intentions.
Israel has used security concerns to justify actions that entrench its control over Palestinian territories, while avoiding a meaningful peace process.",0
"Imagine if someone came into your home, kicked you out, and then told you that you had to live in a tiny corner of your own backyard. That's what happened to the Palestinians in 1948. They were forced out of their homes, their villages destroyed, and now they're living under constant occupation. It's like being a prisoner in your own land.",0
Everyone deserves the right to determine their own future. Palestinians have been fighting for this right for decades. It's like being in a never-ending marathon where the finish line keeps moving further away. They just want to be able to govern themselves and live in peace.,0
"Living under occupation is like living in a constant state of fear. You never know when the next checkpoint will be set up, when the next raid will happen, or when the next bomb will drop. It's a life of uncertainty and terror, and it's taking a huge emotional toll on the Palestinian people.",0
"The occupation is like a heavy chain around the necks of the Palestinian people. It restricts their movement, their freedom, and their ability to live normal lives. It's a constant reminder of their oppression and a barrier to their dreams.",0
"Palestinians are like a tree trying to grow in the desert. Despite the harsh conditions, they continue to fight for their survival. They're resilient, and they deserve the chance to thrive, not just survive.",0
"Justice for Palestinians is like a distant star. It's something they can see but can't quite reach. They've been fighting for justice for so long, and it's time for the world to recognize their struggle and help them achieve it.",0
"Passive resistance is like a candle in the dark. It might not seem like much, but it's a beacon of hope and a symbol of their unwavering spirit. Palestinians use it to show that they won't give up, no matter what.",0
Everyone living in Israel needs to acknowledge that they're living on stolen land. It's like moving into a house that was taken from someone else by force. You can't just ignore the past and pretend everything is okay.,0
The power imbalance between Israel and Palestine is like a gun to the head. Palestinians can't achieve peace unless Israel wants it. It's not about peace; it's about begging for mercy.,0
Palestinian resistance is self-defense. It's like fighting back when someone is trying to wipe you out. They're not the aggressors; they're just trying to protect their homes and their lives.,0
Israel is surrounded by countries that have openly called for its destruction. It's like living in a house where all your neighbors are constantly threatening to burn it down. Israel has to take every measure possible to ensure its security.,1
The Jewish people have a historical and spiritual connection to the land of Israel that goes back thousands of years. It's like returning to your ancestral home after being exiled for centuries. It's a deeply emotional and meaningful journey.,1
"Israel is like a phoenix rising from the ashes. Despite facing countless threats and attacks, it continues to stand strong and resilient. It's a testament to the indomitable spirit of the Jewish people.",1
Israel's actions are a matter of self-defense. It's like having a shield to protect yourself from constant attacks. Israel has to defend its borders and its people from those who seek to harm them,1
"Israel is a beacon of hope for the Jewish people. It's like a lighthouse in a stormy sea, providing a safe haven for those who have faced persecution and discrimination. It's a symbol of their nationhood and their right to self-determination.",1
"Living in the Middle East is like walking on a tightrope. One wrong step, and you could fall into a sea of conflict. Israel has to navigate this hostile region carefully to ensure its survival.",1
"For many Jews, Israel is more than just a country; it's a dream come true. It's like finally finding a place where you belong, where you can be yourself without fear of persecution. It's an emotional and spiritual home.",1
"Israel's security measures are like a fortress. They might seem harsh, but they're necessary to protect the people inside from the constant threats they face. It's a matter of survival.",1
"The Jewish people have faced centuries of persecution and genocide. Israel is like a safe haven, a place where they can finally live in peace and security. It's a response to the historical trauma they've endured.",1
"Israel wants peace, but it can't achieve it alone. It's like trying to build a bridge when the other side keeps tearing it down. Both sides need to work together to find a solution that ensures the safety and prosperity of all.",1
"Imagine your home being taken from you—your land, your history, everything wiped away. That’s the reality Palestinians have been living for decades. It’s not just about borders; it’s about losing a sense of self. How do you negotiate for freedom when the land you call home is shrinking day by day?",0
"When you’re forced into a corner, what options do you have? Palestinians have tried diplomacy, international law, even peaceful protests, but when none of that works, what choice remains? It’s like being suffocated slowly, and then criticized when you fight back just to breathe.",0
"Palestinians are asking for the most basic human rights—freedom of movement, access to their homes, a say in their own future. They’ve been living under occupation for so long that generations are growing up without hope. It’s not just about politics, it’s about surviving with dignity.",0
"If your family was pushed out of their home, would you simply walk away? Generations of Palestinians have lived in exile, in refugee camps, holding onto keys to homes they can never return to. This isn’t just history—it’s an ongoing wound that keeps bleeding.",0
"People talk about peace as if Palestinians don’t want it. Of course they do, but peace under occupation isn’t peace, it’s surrender. They want to exist freely, like any other people, not under a system that controls every aspect of their lives.",0
Every new settlement built is like a knife in the heart of the possibility for peace. How can Palestinians dream of a future when their land is continuously being carved away? It’s not just geography—it’s about the erasure of their identity and their right to exist.,0
"People who say Palestinians should just accept the situation and move on have never experienced the daily humiliation of checkpoints, curfews, and military control. It’s like living in a cage, and then being told to be grateful for it.",0
"For many Palestinians, their lives are split between the past and the present. They are a people without a state, constantly moving but never truly free. Their struggle is one of survival in the face of overwhelming odds.",0
"The world looks at the conflict and only sees numbers and borders, but for Palestinians, it’s about family, heritage, and a deep-rooted connection to the land. It’s about being torn away from the soil your ancestors are buried in and never being able to return.",0
Palestinians aren’t just fighting for land; they’re fighting for the right to be recognized as a people. It’s not just about the physical occupation of territory; it’s about the spiritual occupation of their identity and the constant struggle to be seen.,0
"You have to understand, Israel exists in a region where threats to its survival are very real. After centuries of persecution, Jews finally have a homeland, but it’s surrounded by enemies. Israel’s security concerns are not just paranoia—they’re based on history and the reality of daily attacks.",1
"The Jewish connection to the land isn’t a modern invention. For thousands of years, Jews have lived in and prayed for their return to Israel. The establishment of the state wasn’t just about politics; it was about reclaiming a homeland that has deep, historical roots.",1
"Every nation has the right to defend itself, and Israel is no different. When rockets are fired at civilians, when terrorists infiltrate its borders, what is Israel supposed to do? Security measures, even though they’re harsh, are necessary to protect its people.",1
Imagine living in a small country where every neighbor wants to destroy you. Israel’s military strategy isn’t about conquest—it’s about survival in a hostile region. People forget how small and vulnerable Israel actually is.,1
Critics always focus on Israel’s actions but ignore the constant threat it faces from groups that openly call for its destruction. How can you expect peace when one side refuses to acknowledge your right to exist?,1
"The world forgets that Israel has made significant peace offers in the past, offers that included returning large parts of the land. But each time, the offers were rejected, often leading to more violence. What should Israel do when diplomacy is met with rockets?",1
"Israel is more than just a country; for Jews worldwide, it’s a symbol of survival. After the Holocaust, Jews needed a place where they could be safe from persecution. Israel’s existence is a safeguard against future atrocities",1
"People criticize Israel’s settlements, but the history is more complicated. Many Jews see these areas as part of their biblical homeland, and for them, it’s about reclaiming what was once theirs. It’s not just politics—it’s deeply personal.",1
"Israel is a democracy in a region dominated by authoritarian regimes. While it has its flaws, Israel’s commitment to civil rights, free press, and rule of law is something unique in the Middle East. Shouldn’t that be taken into account when we talk about the conflict?",1
"Palestinians aren’t the only ones who’ve suffered. Israelis live under constant fear of attacks, bombings, and kidnappings. Families have been torn apart by violence too. It’s easy to judge Israel from the outside, but living with that kind of fear every day is unimaginable.",1
"No country should have to tolerate its civilians being murdered and kidnapped in such a brutal, coordinated attack. Israel has every right to defend itself from these barbaric acts that Hamas and other groups committed on October 7.",1
"The fact that Palestinian fighters specifically targeted civilians and took hostages shows they aren't fighting a just cause. You don't kill innocent people if you genuinely want peace. These are war crimes, plain and simple.",1
The atrocities committed by Hamas just fuel the cycle of violence. You can’t justify terrorism by saying it’s a response to occupation or injustice. Killing civilians never leads to peace; it only deepens the hatred.,1
"Hamas deliberately hides behind civilians, using them as human shields, making it harder for Israel to defend itself without causing collateral damage. This is a direct violation of international humanitarian law.",1
"Israel has the right, like any other country, to defend itself against groups that openly seek its destruction. No government would sit idly by while its citizens are being slaughtered and kidnapped.",1
"This isn’t the first time Israel has faced attacks from Hamas. It's a long history of violence from groups that don’t want to see Israel exist. Until these groups are dismantled, there won’t be any chance for real peace.",1
"Palestinians have lived under Israeli occupation for decades, and this is the result of years of systemic oppression. You can’t expect people to remain silent while their land is taken and their rights are denied.",0
"The reality is that Palestinians live under a system of apartheid. Israel's illegal closure of Gaza and its policies in the West Bank amount to persecution, and the international community needs to recognize this injustice.",0
"Israel and its supporters keep pointing to Hamas, but no one is talking about the root causes of this conflict – decades of land dispossession, violence, and humiliation Palestinians have endured. Until these are addressed, there will never be peace.",0
"People often forget that Gaza has been described as the world’s largest open-air prison. The people living there have nowhere to go. They’re trapped, living in fear of constant bombings and blockades.",0
"The scale of Israel’s military response is disproportionate. Entire families are being wiped out, homes reduced to rubble, and neighborhoods leveled. You can’t claim to be targeting Hamas while killing thousands of civilians.",0
"Why is it that Israel never faces consequences for its actions? The international community must stop turning a blind eye to Israeli war crimes, including the apartheid policies and collective punishment of Gaza’s population.",0
"People in Gaza are desperate. They’ve been living under siege for over 17 years, with no hope for the future. This cycle of violence comes from a deep place of despair, and unless that changes, these tragedies will continue.",0
"Israel constantly talks about its right to self-defense, but what about Palestinians? Don’t they have a right to defend themselves when their land is stolen, their homes are destroyed, and they’re treated as less than human?",0